phq9_score,gad7_score,sleep_hours,heart_rate,hrv,risk_level
6,1,7.0,65,25,Low
19,5,7.9,100,52,Moderate
14,20,6.4,73,24,High
10,1,4.2,65,76,Low
7,12,4.8,67,47,Moderate
20,10,6.2,100,33,High
6,10,7.6,99,24,Low
25,15,7.0,55,73,High
18,10,7.3,94,75,Moderate
22,18,6.4,98,78,High
10,14,7.1,73,52,Moderate
10,15,5.6,66,69,Moderate
23,10,6.4,62,67,Moderate
20,21,7.7,62,60,High
3,15,8.4,99,38,Low
7,7,6.2,66,41,Low
23,3,4.2,87,24,High
2,7,4.8,99,78,Low
21,3,4.1,80,21,High
20,2,7.3,93,49,Moderate
1,2,5.7,82,66,Low
23,17,6.7,59,58,High
11,18,6.5,62,23,Moderate
5,18,4.4,79,52,Moderate
1,20,6.0,81,32,Moderate
27,4,5.1,100,39,High
20,17,6.1,77,73,High
0,9,5.0,84,26,Low
11,21,8.2,99,34,Moderate
25,20,4.9,77,42,High
21,5,8.8,74,33,Moderate
11,0,6.1,72,42,Low
24,4,8.2,72,38,Moderate
16,8,7.1,56,73,Low
26,11,7.7,58,48,Moderate
26,13,7.8,84,75,Moderate
9,1,6.5,87,39,Low
27,16,6.7,90,48,High
27,13,6.6,72,43,High
15,12,6.9,91,37,Moderate
14,8,4.1,73,29,Moderate
14,14,6.0,82,60,Moderate
18,21,7.0,94,76,High
11,14,7.0,74,27,Moderate
22,10,8.0,87,45,Moderate
19,15,7.3,66,48,Moderate
24,16,9.0,69,29,High
2,3,5.4,95,36,Low
4,0,5.8,93,21,Low
18,7,5.9,56,25,Moderate
6,16,6.3,83,77,Moderate
20,2,8.2,95,24,Moderate
8,19,5.2,64,47,Moderate
6,14,7.9,56,60,Low
17,14,6.0,65,24,High
3,21,7.0,67,37,Moderate
24,13,7.2,64,45,High
27,13,5.9,68,39,High
13,1,6.6,72,60,Low
17,12,6.1,63,68,Moderate
25,13,4.3,93,46,High
8,18,6.2,82,68,Moderate
25,6,4.5,57,31,High
20,2,6.0,74,26,Moderate
1,14,7.0,60,78,Low
19,13,6.9,81,22,High
27,10,7.3,56,29,High
14,14,4.5,83,53,High
27,12,7.3,92,44,High
6,17,5.6,57,54,Moderate
11,5,6.0,70,35,Low
7,2,8.3,84,21,Low
14,18,4.0,94,79,High
2,14,6.9,56,43,Low
13,4,7.0,71,29,Low
16,9,6.0,95,57,Moderate
3,6,5.2,66,41,Low
17,16,5.2,89,45,High
7,6,8.4,97,62,Low
3,21,6.2,55,74,Moderate
1,11,5.7,99,58,Low
5,16,6.2,69,46,Moderate
21,12,7.3,80,48,Moderate
9,19,4.7,91,66,Moderate
3,3,6.2,75,57,Low
21,9,6.9,85,39,Moderate
17,2,8.7,79,46,Low
25,8,5.3,77,60,High
11,12,5.8,78,73,Moderate
1,17,5.9,92,39,Moderate
9,14,7.0,82,63,Moderate
3,3,5.8,75,38,Low
13,14,6.7,97,39,Moderate
15,21,7.9,72,54,Moderate
14,1,7.5,90,66,Low
7,14,6.2,89,21,Moderate
13,7,8.3,99,49,Low
22,7,6.8,63,72,Moderate
27,16,6.7,92,53,High
24,11,4.2,84,41,High
7,18,8.9,98,22,Moderate
20,9,4.6,88,25,High
15,8,5.2,86,34,Moderate
12,4,4.3,57,46,Moderate
17,5,7.2,57,29,Moderate
14,19,5.1,82,28,High
20,1,4.9,98,52,Moderate
23,12,4.4,69,51,High
25,5,4.5,95,67,High
24,4,6.9,77,25,Moderate
27,0,7.4,94,60,Moderate
27,20,6.0,65,78,High
27,21,6.4,86,55,High
12,20,7.4,90,78,Moderate
8,5,4.1,87,79,Low
14,5,5.6,78,21,Moderate
12,15,8.9,93,48,Moderate
0,3,6.9,88,23,Low
24,10,5.3,82,20,High
6,8,6.6,91,38,Low
8,2,5.7,61,45,Low
23,18,6.7,58,44,High
0,7,4.6,91,29,Low
11,4,4.7,55,72,Low
7,3,4.7,55,34,Low
23,5,8.7,74,78,Low
10,1,7.7,73,41,Low
18,19,4.8,83,70,High
16,10,4.9,64,67,Moderate
7,3,7.7,72,40,Low
2,14,4.8,82,78,Moderate
2,5,5.2,89,75,Low
0,21,8.8,97,41,Low
26,16,5.3,85,55,High
4,5,7.3,81,53,Low
9,18,8.9,65,49,Low
6,1,5.9,92,44,Low
25,14,4.1,59,64,High
8,10,5.2,62,47,Moderate
27,7,8.2,88,20,Moderate
6,18,8.3,66,68,Low
8,12,7.8,92,64,Low
7,11,4.6,55,23,Moderate
11,4,8.0,85,26,Low
1,5,8.6,58,68,Low
0,21,7.0,99,28,Moderate
15,3,8.7,59,55,Low
22,18,8.1,84,38,High
22,19,7.3,78,20,High
23,0,6.9,57,29,Moderate
4,19,5.7,65,55,Moderate
2,16,4.8,99,28,Moderate
11,11,7.0,58,64,Low
7,14,5.6,80,65,Moderate
21,0,8.3,81,61,Low
26,13,9.0,100,51,Moderate
2,5,7.8,97,51,Low
0,4,4.5,81,25,Low
2,10,5.4,96,67,Low
4,3,4.5,60,57,Low
14,12,7.3,69,36,Moderate
13,10,7.8,84,29,Moderate
2,2,8.6,96,69,Low
0,0,6.2,91,46,Low
4,5,8.5,91,73,Low
25,17,8.4,96,69,High
22,9,5.6,91,54,High
13,4,8.3,89,71,Low
6,9,5.9,77,78,Low
26,11,5.5,60,40,High
8,1,7.2,58,44,Low
14,12,5.6,72,47,Moderate
14,7,7.2,63,66,Low
25,1,7.0,83,34,Moderate
9,19,6.8,67,23,Moderate
27,0,5.9,71,48,Moderate
12,4,6.7,99,78,Low
18,8,7.0,86,28,Moderate
6,16,6.7,76,46,Moderate
16,8,6.2,58,45,Moderate
19,10,4.1,59,38,High
3,14,6.9,91,75,Low
4,5,4.8,95,47,Low
22,2,7.2,67,36,Moderate
6,16,7.8,88,62,Low
12,4,6.5,99,76,Low
14,11,6.7,76,60,Moderate
10,17,8.8,77,61,Moderate
3,13,8.2,57,69,Low
12,20,8.6,96,39,Moderate
6,10,8.1,88,64,Low
26,8,4.5,86,59,High
18,1,4.7,99,58,Moderate
21,11,6.6,75,68,Moderate
27,2,5.2,100,72,Moderate
1,2,6.4,98,42,Low
9,0,6.0,75,66,Low
12,7,6.7,98,51,Moderate
24,21,7.7,65,71,High
20,7,7.6,93,66,Moderate
5,10,6.6,58,52,Low
27,8,8.1,55,76,Moderate
27,4,6.2,82,65,Moderate
11,13,8.5,78,24,Moderate
11,2,4.4,89,62,Moderate
19,20,8.8,67,67,Moderate
10,4,7.3,88,53,Low
25,4,5.9,65,59,Moderate
22,18,5.0,90,30,High
27,13,6.4,71,80,High
24,3,5.0,89,69,Moderate
6,12,4.8,72,22,Moderate
0,9,7.1,94,77,Low
0,17,6.6,76,52,Low
24,7,7.4,78,30,Moderate
26,7,8.6,73,35,Moderate
24,6,6.7,91,37,Moderate
19,7,6.9,93,49,Moderate
12,13,4.4,75,67,Moderate
8,18,7.6,62,74,Moderate
2,5,6.0,82,29,Low
6,0,8.9,59,37,Low
5,14,8.1,71,57,Low
7,0,6.6,91,38,Low
26,16,4.6,90,55,High
8,0,8.3,73,78,Low
4,14,8.0,81,32,Low
0,1,4.9,88,75,Low
18,13,5.5,65,65,Moderate
9,20,8.0,99,22,Moderate
11,7,4.9,66,29,Moderate
23,7,8.6,75,57,Moderate
14,18,6.1,65,20,High
26,6,4.4,93,74,High
21,18,8.1,82,75,Moderate
23,5,5.9,59,46,Moderate
8,5,6.6,71,65,Low
19,2,4.6,74,27,Moderate
16,6,4.0,95,70,Moderate
16,18,7.2,100,65,Moderate
25,7,6.6,66,61,Moderate
19,9,7.0,60,36,Moderate
11,19,8.0,71,28,Moderate
6,14,7.2,73,80,Low
1,14,4.9,80,25,Moderate
2,0,5.8,98,62,Low
16,19,8.5,98,44,Moderate
4,6,7.8,86,58,Low
16,3,6.8,60,68,Low
23,5,5.3,90,79,Moderate
16,0,5.5,92,47,Moderate
26,4,7.7,65,52,Moderate
16,0,8.3,87,73,Low
1,3,7.4,78,56,Low
1,21,8.0,77,28,Moderate
27,1,7.8,69,37,Moderate
21,9,4.7,81,75,Moderate
22,4,6.1,65,78,Moderate
4,9,4.8,71,40,Low
0,0,5.2,68,21,Low
0,21,8.3,81,80,Low
18,5,6.4,72,77,Moderate
1,12,6.7,82,62,Low
20,14,4.9,58,78,High
11,3,5.6,61,79,Low
25,12,5.2,99,57,High
5,19,5.0,89,77,Moderate
22,14,7.2,63,59,Moderate
3,7,5.3,62,55,Low
22,4,7.2,99,69,Moderate
10,14,4.3,71,79,Moderate
23,3,4.7,71,62,Moderate
26,11,5.4,87,56,High
16,12,7.0,86,34,Moderate
5,1,7.4,62,47,Low
23,18,6.2,73,37,High
4,18,6.2,92,53,Moderate
19,3,7.6,57,41,Low
1,3,4.1,59,30,Low
5,10,5.7,67,77,Low
21,4,8.1,100,76,Moderate
10,19,7.0,85,32,Moderate
15,10,5.7,70,23,Moderate
15,9,8.5,86,41,Moderate
0,7,7.9,76,26,Low
8,5,5.3,83,80,Low
27,5,7.2,76,62,Moderate
26,7,7.0,97,73,Moderate
5,14,6.0,57,43,Moderate
15,13,5.8,64,23,Moderate
2,10,5.7,96,47,Low
19,11,7.1,75,34,Moderate
27,12,6.2,70,20,High
26,7,8.2,66,74,Moderate
3,17,7.3,56,22,Low
18,0,4.3,95,33,Moderate
25,14,7.2,78,57,High
2,7,5.4,89,69,Low
18,10,7.0,84,76,Moderate
19,11,7.4,84,20,Moderate
6,11,5.2,89,57,Moderate
19,3,6.3,73,57,Moderate
8,15,5.0,62,40,Moderate
0,3,4.3,80,67,Low
7,4,5.9,94,48,Low
6,4,5.8,61,24,Low
17,7,9.0,84,68,Low
7,9,6.2,61,29,Low
0,16,5.7,57,47,Low
10,8,6.9,55,40,Low
27,21,4.4,90,69,High
24,18,8.8,79,26,High
24,13,7.2,91,22,High
17,7,7.8,55,64,Low
22,8,4.9,69,66,Moderate
9,21,6.0,91,39,High
2,10,6.1,67,38,Low
6,0,8.1,94,54,Low
27,13,4.0,62,23,High
15,4,5.5,59,24,Moderate
25,20,8.9,63,20,High
15,13,6.4,55,23,Moderate
24,3,5.9,90,31,Moderate
19,21,4.6,89,79,High
27,0,8.9,56,46,Low
16,21,4.1,94,75,High
1,18,7.7,77,61,Low
0,7,7.8,63,42,Low
15,14,5.2,88,44,High
11,20,7.4,100,40,Moderate
4,14,4.5,68,80,Moderate
4,8,5.3,58,77,Low
26,20,7.9,84,71,High
22,8,8.3,85,43,Moderate
8,9,7.0,92,44,Low
8,19,6.5,65,64,Moderate
2,20,4.8,89,74,Moderate
18,8,4.3,62,65,Moderate
15,2,4.6,57,51,Moderate
15,19,5.1,68,74,High
2,10,5.7,67,51,Low
19,5,5.9,99,24,Moderate
23,1,5.7,86,55,Moderate
21,6,5.2,88,65,Moderate
23,17,6.5,99,61,High
0,1,8.1,73,68,Low
23,16,5.4,92,61,High
19,10,8.7,70,77,Moderate
10,11,8.4,56,58,Low
16,18,4.8,94,35,High
7,21,7.9,71,52,Moderate
3,6,6.9,88,68,Low
5,19,6.8,96,40,Moderate
7,5,6.0,70,80,Low
19,20,6.5,92,28,High
2,0,6.0,56,25,Low
15,16,6.7,56,70,Moderate
24,10,7.1,80,64,Moderate
2,21,7.4,67,54,Moderate
24,17,6.7,85,58,High
17,20,7.6,88,41,High
13,16,4.7,93,60,High
17,6,5.1,57,73,Moderate
1,16,8.1,62,24,Low
21,19,5.6,77,61,High
2,8,4.1,68,42,Low
15,16,4.8,81,36,High
8,19,5.1,83,31,Moderate
3,21,8.8,93,42,Moderate
0,21,6.9,93,35,Moderate
3,7,8.7,55,22,Low
0,16,6.9,71,49,Low
13,6,6.4,95,76,Low
20,0,5.6,84,41,Moderate
15,12,7.0,67,28,Moderate
19,18,4.7,75,48,High
23,18,8.5,73,66,Moderate
7,16,8.1,73,56,Low
6,12,5.6,79,42,Moderate
2,15,8.8,76,32,Low
16,7,8.1,85,51,Moderate
0,18,7.3,71,65,Low
15,17,4.6,77,71,High
11,0,6.4,86,66,Low
26,13,6.5,64,67,High
18,18,5.2,64,42,High
21,14,4.4,90,64,High
22,17,7.9,62,36,High
21,1,4.6,74,74,Moderate
13,21,7.0,86,59,Moderate
5,16,8.7,68,40,Low
5,17,8.4,82,21,Moderate
12,5,5.4,100,56,Moderate
18,18,8.3,78,25,Moderate
21,3,4.0,69,63,Moderate
7,0,4.1,76,37,Low
26,7,7.0,84,49,Moderate
26,6,5.8,58,41,Moderate
1,2,5.9,67,73,Low
20,9,6.8,77,52,Moderate
0,9,5.0,62,49,Low
27,18,5.1,72,36,High
14,13,6.4,66,62,Moderate
0,1,7.8,85,51,Low
4,0,7.1,68,61,Low
27,17,5.5,88,70,High
15,6,6.2,72,33,Moderate
18,7,4.9,88,77,Moderate
3,0,4.4,65,29,Low
2,2,7.9,95,66,Low
16,7,5.3,66,79,Moderate
16,21,4.9,69,70,High
11,14,7.5,85,55,Moderate
27,4,7.1,83,53,Moderate
13,2,7.2,80,28,Low
20,18,5.1,72,61,High
5,0,5.2,86,47,Low
2,14,5.1,76,30,Moderate
27,7,4.9,92,33,High
8,1,7.3,71,58,Low
4,2,8.2,77,74,Low
23,13,7.6,78,66,Moderate
16,13,8.0,62,73,Moderate
13,10,6.0,95,38,Moderate
20,15,7.3,60,73,Moderate
2,3,5.8,59,34,Low
27,19,6.6,98,47,High
0,4,6.4,83,43,Low
19,21,4.9,82,27,High
20,20,5.9,65,62,High
22,13,8.8,55,80,Moderate
0,15,5.2,97,28,Moderate
2,17,4.7,73,66,Moderate
17,6,6.1,63,52,Moderate
24,9,8.0,81,52,Moderate
9,6,6.9,88,38,Low
21,0,7.4,98,22,Moderate
25,20,4.9,58,29,High
2,18,7.1,90,59,Low
7,15,5.6,72,66,Moderate
13,18,8.2,69,61,Moderate
23,3,7.1,67,20,Moderate
17,17,5.0,73,48,High
14,1,4.3,60,69,Low
21,0,4.2,66,53,Moderate
22,14,5.9,91,70,High
1,4,5.3,71,32,Low
26,19,7.2,77,73,High
9,10,6.5,80,20,Moderate
1,9,5.3,83,53,Low
25,1,4.7,87,48,Moderate
16,2,4.6,81,67,Moderate
7,11,8.3,79,66,Low
0,19,5.2,64,32,Moderate
8,4,7.3,77,67,Low
10,4,8.1,75,68,Low
21,5,7.1,75,72,Moderate
15,8,8.3,97,80,Low
6,1,6.0,67,48,Low
9,20,8.8,91,58,Moderate
22,11,4.7,87,43,High
25,2,4.5,78,45,Moderate
2,19,7.3,98,36,Moderate
17,21,8.7,65,26,Moderate
24,11,8.0,71,32,Moderate
23,16,4.4,58,24,High
12,9,5.4,79,45,Moderate
27,13,8.7,84,68,Moderate
25,16,5.3,63,22,High
6,17,7.9,75,26,Moderate
24,18,8.1,74,77,High
3,16,6.5,73,68,Low
12,13,5.9,73,58,Moderate
19,8,6.3,66,72,Moderate
0,7,5.1,91,20,Low
7,1,8.4,96,68,Low
13,12,6.3,71,36,Moderate
15,6,8.4,91,62,Low
13,8,4.5,93,44,Moderate
11,21,8.9,82,78,Moderate
18,21,6.2,95,80,High
22,10,4.2,89,22,High
14,13,4.2,72,34,High
27,3,7.7,68,48,Moderate
1,12,7.3,89,72,Low
1,1,8.0,98,62,Low
22,4,4.5,95,51,Moderate
21,10,4.2,61,45,High
18,5,6.5,95,79,Moderate
24,17,5.9,67,35,High
25,20,6.3,72,44,High
21,9,9.0,91,73,Moderate
25,3,8.9,67,47,Moderate
25,8,8.7,90,28,Moderate
21,5,7.9,85,75,Moderate
16,1,5.8,56,75,Low
19,16,6.1,70,20,High
9,4,6.7,63,48,Low
5,5,8.2,63,76,Low
14,11,4.3,92,41,High
21,20,6.1,65,35,High
10,9,4.4,76,60,Moderate
27,21,6.6,87,70,High
4,20,8.5,90,63,Low
0,5,7.9,99,70,Low
7,7,5.1,77,73,Low
20,1,8.9,99,60,Low
27,11,7.3,99,26,High
11,12,4.1,88,33,Moderate
11,20,5.3,63,48,Moderate
4,6,5.3,78,38,Low
6,9,4.3,62,38,Moderate
3,12,8.8,61,21,Low
5,16,6.4,90,60,Moderate
12,20,8.5,72,64,Moderate
19,13,5.6,57,34,High
14,1,4.6,82,22,Moderate
2,21,6.4,60,30,Moderate
22,10,4.6,98,72,High
7,0,6.4,98,65,Low
19,18,8.6,75,49,Moderate
15,20,6.6,82,76,Moderate
12,3,7.1,94,59,Low
17,18,4.8,55,37,High
27,20,4.2,90,70,High
9,10,4.6,75,67,Moderate
18,7,7.0,97,21,Moderate
16,10,4.5,89,51,Moderate
23,3,5.9,67,27,Moderate
18,16,6.8,64,41,Moderate
27,6,5.9,98,25,High
25,7,4.8,64,31,High
22,2,5.4,100,66,Moderate
25,21,8.6,67,76,High
4,1,7.4,91,59,Low
25,14,6.5,92,55,High
20,21,4.1,78,34,High
22,21,9.0,56,47,Moderate
8,4,7.4,76,71,Low
11,0,5.6,71,76,Low
20,3,8.4,90,68,Low
0,14,5.3,68,64,Low
25,19,6.7,64,37,High
25,18,7.2,89,21,High
0,2,5.1,79,32,Low
14,19,8.9,57,64,Moderate
1,10,7.7,92,73,Low
21,16,6.8,71,34,High
15,12,4.9,66,39,Moderate
24,10,4.3,78,48,High
7,1,5.6,83,78,Low
12,8,7.8,97,61,Low
20,1,5.3,79,48,Moderate
0,20,6.7,90,22,Moderate
15,8,7.6,80,38,Moderate
6,8,4.5,92,22,Moderate
4,7,7.4,55,73,Low
21,16,4.5,74,33,High
22,0,8.8,82,59,Low
2,10,6.4,70,78,Low
11,7,4.8,71,74,Moderate
25,9,5.7,94,23,High
15,6,6.1,82,78,Moderate
18,2,7.8,66,79,Low
4,2,7.7,81,71,Low
21,17,7.1,96,30,High
24,4,4.5,84,77,Moderate
13,11,4.8,95,50,Moderate
27,11,4.5,88,62,High
4,18,6.9,91,51,Moderate
14,5,8.4,60,46,Low
16,1,6.2,61,49,Low
13,11,4.8,86,62,Moderate
19,18,6.8,86,21,High
4,4,8.1,79,68,Low
11,11,7.7,87,28,Moderate
15,16,8.4,61,47,Moderate
25,16,5.4,66,50,High
25,9,5.0,70,79,High
15,16,8.4,70,53,Moderate
20,14,7.3,97,80,Moderate
6,11,5.6,90,75,Low
3,15,7.7,67,34,Low
0,18,8.1,61,67,Low
4,7,7.1,90,44,Low
22,20,7.4,63,55,High
25,16,5.9,86,27,High
9,4,6.7,65,28,Low
21,21,6.6,62,77,High
4,15,8.2,87,77,Low
3,5,8.2,77,56,Low
1,7,8.2,79,67,Low
19,17,4.1,62,64,High
9,11,7.7,99,58,Low
25,14,7.8,76,51,High
18,8,7.4,58,77,Low
25,12,7.8,94,71,Moderate
0,14,8.2,57,36,Low
23,9,6.4,83,54,Moderate
4,15,6.5,95,56,Moderate
12,6,4.6,83,38,Moderate
3,16,5.9,88,63,Moderate
15,20,7.2,88,48,High
23,21,7.9,82,78,High
15,6,5.1,67,26,Moderate
22,13,4.7,69,47,High
1,14,7.3,77,28,Low
16,20,4.0,98,47,High
27,6,4.9,80,25,High
26,8,4.1,58,48,High
19,18,4.8,80,77,High
23,15,4.9,94,36,High
11,7,5.9,63,35,Moderate
17,17,6.0,59,42,High
2,17,8.4,86,50,Low
27,19,6.6,74,22,High
0,6,7.6,65,40,Low
0,2,4.5,69,45,Low
18,17,5.1,86,55,High
10,9,7.5,82,61,Low
4,6,4.3,76,56,Low
11,16,6.4,95,72,Moderate
2,13,7.0,71,41,Low
0,2,7.0,80,61,Low
0,11,4.1,98,31,Moderate
7,12,5.6,61,61,Moderate
9,1,7.2,96,80,Low
10,2,4.7,80,32,Moderate
11,4,7.5,79,30,Low
12,10,7.7,64,73,Low
11,7,8.9,99,35,Low
13,11,5.0,73,27,Moderate
1,6,8.1,65,59,Low
18,14,6.6,67,78,Moderate
17,16,5.9,62,76,Moderate
2,3,4.6,94,59,Low
22,21,7.7,58,64,High
16,12,5.2,85,78,Moderate
25,17,5.9,82,21,High
7,0,4.3,65,49,Low
25,15,8.0,97,49,High
9,12,7.8,55,31,Low
25,9,7.7,92,29,High
1,11,5.5,78,63,Low
18,1,4.9,85,30,Moderate
8,2,7.2,95,34,Low
6,9,6.5,100,35,Moderate
3,1,4.9,80,36,Low
25,12,7.4,59,45,Moderate
20,12,9.0,74,21,Moderate
17,17,7.7,95,69,Moderate
12,2,7.7,65,31,Low
10,6,8.8,87,70,Low
23,13,5.0,92,45,High
3,19,6.8,81,42,Moderate
24,16,8.9,88,37,High
20,20,4.8,69,51,High
24,11,7.5,86,68,Moderate
3,15,6.9,75,57,Low
9,11,6.9,100,76,Low
4,14,7.5,59,66,Low
8,9,8.6,60,22,Low
23,6,7.9,92,57,Moderate
2,19,4.3,76,22,Moderate
16,4,8.3,72,49,Low
2,0,5.1,68,80,Low
15,16,5.9,64,20,High
3,2,6.3,100,49,Low
17,12,6.4,67,64,Moderate
16,13,6.2,85,51,Moderate
6,17,8.7,84,47,Low
23,3,7.5,57,40,Moderate
22,17,7.2,84,77,High
4,4,4.2,60,65,Low
11,15,8.5,83,32,Moderate
16,0,8.5,62,46,Low
22,20,7.9,98,55,High
12,13,4.0,99,26,High
22,14,4.3,97,41,High
24,8,5.1,98,29,High
2,14,4.7,87,58,Moderate
8,16,6.0,71,72,Moderate
16,3,8.6,65,34,Low
16,11,6.4,67,34,Moderate
19,4,4.1,65,23,Moderate
15,4,5.4,85,51,Moderate
24,10,4.2,82,42,High
21,5,4.2,98,74,Moderate
12,6,5.4,60,25,Moderate
26,13,5.4,95,43,High
18,10,7.9,70,39,Moderate
16,12,8.9,58,77,Low
3,1,5.9,89,56,Low
11,6,6.1,80,39,Moderate
8,19,8.2,66,31,Moderate
18,3,5.3,65,52,Moderate
11,7,4.8,91,47,Moderate
8,19,8.3,79,27,Moderate
6,21,4.2,72,20,High
27,20,7.1,73,56,High
13,18,6.8,77,41,Moderate
19,12,5.7,92,25,High
18,13,5.6,72,80,Moderate
25,9,7.9,80,40,Moderate
14,10,4.4,60,51,Moderate
15,1,5.2,58,54,Low
20,8,7.7,98,34,Moderate
4,16,6.7,83,24,Moderate
2,2,4.6,88,79,Low
11,5,8.4,71,75,Low
24,4,6.0,97,65,Moderate
19,4,8.1,97,69,Low
26,21,7.9,70,67,High
20,14,7.1,56,25,Moderate
3,16,6.5,88,44,Moderate
20,8,8.9,62,75,Low
22,2,4.7,67,65,Moderate
15,19,7.6,96,78,Moderate
24,16,5.0,62,75,High
6,9,5.7,84,59,Low
12,2,5.5,86,48,Low
20,17,8.7,90,26,High
9,17,8.8,84,59,Moderate
25,16,4.9,55,32,High
6,2,4.1,97,57,Low
13,2,7.6,93,37,Low
25,5,6.1,71,21,Moderate
4,12,4.4,74,27,Moderate
2,14,7.4,78,30,Low
22,8,6.7,76,52,Moderate
10,3,8.9,83,73,Low
10,13,5.1,76,80,Moderate
17,4,6.0,98,57,Moderate
14,1,6.7,63,67,Low
11,10,8.0,91,46,Low
8,8,6.7,64,39,Low
9,2,7.1,90,31,Low
25,8,5.1,91,62,High
11,2,8.2,82,80,Low
16,1,6.1,82,50,Low
5,11,4.7,96,46,Moderate
6,9,7.3,97,51,Low
13,8,5.1,75,80,Moderate
12,14,4.5,78,29,High
7,7,8.3,96,22,Low
9,4,6.3,94,64,Low
8,10,7.7,56,46,Low
17,1,5.5,62,54,Moderate
26,14,7.9,81,50,High
25,5,4.6,76,34,High
1,7,5.8,91,35,Low
4,4,8.9,81,80,Low
4,15,8.0,83,32,Low
5,17,6.5,57,68,Low
18,5,5.7,98,54,Moderate
7,4,8.4,67,71,Low
15,15,6.7,99,30,Moderate
12,12,7.8,64,78,Low
0,4,7.8,90,40,Low
21,12,4.1,63,70,High
19,16,4.6,81,73,High
16,17,7.3,88,30,Moderate
6,7,4.8,55,49,Low
24,12,5.3,86,79,High
12,18,8.7,79,67,Moderate
3,2,6.8,83,72,Low
3,7,7.8,61,54,Low
5,1,6.8,57,41,Low
27,7,6.8,74,57,Moderate
18,12,4.5,74,50,High
11,12,5.7,84,33,Moderate
21,0,5.4,89,43,Moderate
6,5,6.0,89,69,Low
26,18,8.0,93,68,High
9,15,5.9,81,51,Moderate
25,7,6.3,80,55,Moderate
18,0,6.0,68,51,Low
6,15,4.5,71,74,Moderate
2,8,6.2,72,34,Low
12,12,5.0,99,62,Moderate
12,10,4.9,83,77,Moderate
17,12,4.5,74,54,High
27,20,5.8,81,22,High
25,9,7.8,72,35,Moderate
19,3,5.4,58,24,Moderate
27,5,5.6,55,40,Moderate
7,6,7.2,55,80,Low
8,4,5.0,80,29,Moderate
6,10,8.5,99,38,Low
0,12,6.6,74,44,Low
2,18,6.2,77,23,Moderate
12,9,6.8,64,80,Low
27,9,4.8,65,48,High
24,10,7.1,95,38,High
27,20,5.8,95,62,High
16,6,8.5,59,21,Low
24,17,4.8,55,29,High
23,3,6.5,71,80,Moderate
0,1,7.0,76,62,Low
5,13,4.2,88,44,Moderate
20,12,5.8,99,39,High
5,11,7.7,95,67,Low
25,6,8.1,83,38,Moderate
11,1,5.6,58,42,Low
12,12,8.0,59,43,Low
12,13,8.8,65,30,Moderate
14,16,8.3,75,65,Moderate
20,8,4.6,89,53,High
15,16,7.7,66,74,Moderate
21,7,5.6,80,47,Moderate
20,1,8.9,73,24,Low
10,12,6.4,99,78,Moderate
27,2,4.6,61,24,High
4,15,7.6,61,70,Low
3,5,5.6,80,40,Low
2,18,9.0,94,31,Low
18,6,8.9,59,69,Low
19,9,7.3,75,23,Moderate
24,8,4.6,68,73,High
17,1,7.4,58,68,Low
14,14,4.5,77,61,Moderate
8,4,4.1,96,39,Moderate
16,21,8.1,74,57,Moderate
13,3,5.0,69,44,Moderate
14,19,5.9,99,33,High
0,3,8.9,83,30,Low
20,17,5.7,62,51,High
21,3,5.5,95,30,Moderate
21,16,8.6,73,80,Moderate
2,11,4.6,93,37,Moderate
15,21,7.8,100,46,High
22,16,8.9,82,74,Moderate
24,9,8.5,100,73,Moderate
10,21,7.3,81,37,Moderate
11,0,5.6,58,75,Low
9,21,5.3,69,42,Moderate
15,17,8.1,89,30,Moderate
7,17,8.4,91,40,Moderate
5,13,6.6,55,63,Low
11,14,5.2,57,24,Moderate
23,11,4.6,78,42,High
27,3,4.4,81,60,High
20,2,7.6,94,78,Low
7,19,6.1,90,44,Moderate
25,11,8.5,88,60,Moderate
27,6,7.7,83,73,Moderate
3,10,5.0,78,29,Moderate
25,0,7.1,78,41,Moderate
7,5,6.2,96,38,Low
25,14,6.9,58,20,High
27,14,7.7,57,26,High
17,18,8.0,88,23,High
27,10,8.2,77,20,High
27,1,5.3,77,34,Moderate
4,13,4.2,99,59,Moderate
8,1,7.7,59,31,Low
3,3,4.5,85,41,Low
26,16,5.6,95,41,High
21,2,4.0,60,69,Moderate
16,12,7.4,91,66,Moderate
8,8,4.8,64,36,Moderate
0,6,7.3,94,48,Low
20,14,9.0,61,65,Moderate
19,10,4.4,93,33,High
12,19,4.4,92,69,High
27,1,5.7,75,39,Moderate
15,14,8.3,74,69,Moderate
12,13,5.1,57,67,Moderate
13,19,5.8,76,52,High
2,21,4.3,58,74,Moderate
5,10,7.8,82,78,Low
17,2,6.0,66,62,Low
18,16,7.8,92,34,Moderate
4,11,8.5,90,31,Low
14,20,5.2,95,59,High
24,14,8.0,59,73,Moderate
1,15,4.3,67,39,Moderate
9,4,8.5,77,49,Low
23,19,7.3,84,57,High
17,5,8.4,91,22,Moderate
26,18,4.0,79,47,High
12,4,4.8,81,75,Moderate
4,2,5.9,68,45,Low
22,0,5.9,90,49,Moderate
23,5,5.1,93,32,High
0,14,5.9,70,32,Low
21,1,4.6,76,21,Moderate
0,2,6.1,75,56,Low
17,16,8.0,75,68,Moderate
14,11,6.4,62,57,Moderate
16,17,4.1,70,21,High
10,14,6.1,85,55,Moderate
20,11,4.1,96,73,High
25,15,8.8,64,45,Moderate
24,7,4.6,86,30,High
21,13,7.5,88,27,High
26,16,8.9,63,63,Moderate
26,20,8.1,71,59,High
16,7,7.5,65,62,Low
12,14,8.2,86,41,Moderate
0,13,8.9,64,39,Low
1,17,7.1,76,27,Low
8,19,6.8,71,48,Moderate
2,6,7.1,58,59,Low
0,2,6.7,79,45,Low
20,11,7.2,75,49,Moderate
15,20,6.2,91,36,High
22,2,5.1,92,39,Moderate
5,19,4.6,55,71,Moderate
27,13,4.3,79,74,High
16,14,5.3,90,35,High
4,13,4.2,71,65,Moderate
4,6,6.8,95,62,Low
5,16,5.4,78,26,Moderate
2,11,8.1,56,35,Low
20,19,4.4,94,64,High
22,3,5.1,69,78,Moderate
4,8,7.7,86,66,Low
20,5,7.0,93,75,Moderate
4,15,4.3,60,67,Moderate
9,21,8.4,55,46,Moderate
9,21,8.4,77,72,Moderate
18,20,5.7,93,42,High
16,20,5.7,71,43,High
20,1,8.9,88,28,Low
13,7,7.1,95,54,Moderate
8,10,6.7,83,70,Low
13,12,8.2,63,39,Moderate
0,16,5.4,67,56,Low
18,7,6.1,60,61,Moderate
12,20,5.3,60,36,High
12,17,7.9,74,66,Moderate
3,17,6.9,57,50,Low
0,13,7.3,71,74,Low
16,14,5.3,66,76,Moderate
7,5,5.1,99,27,Moderate
1,10,6.4,55,34,Low
27,12,7.7,71,50,High
7,0,6.6,57,72,Low
6,5,4.2,80,49,Low
25,8,8.3,69,65,Moderate
25,7,4.3,90,39,High
1,10,8.8,86,79,Low
21,21,4.1,86,58,High
21,18,7.5,58,72,Moderate
2,8,4.4,72,74,Low
26,16,8.6,73,31,High
17,11,6.3,97,68,Moderate
11,13,4.7,89,36,Moderate
0,14,5.7,94,61,Low
21,15,4.8,68,49,High
11,21,4.9,87,48,High
4,21,8.7,68,38,Low
26,19,6.2,88,65,High
24,0,7.9,58,30,Moderate
16,9,7.2,78,53,Moderate
15,7,7.4,83,69,Low
14,17,4.7,73,26,High
22,0,5.2,60,63,Moderate
14,1,7.9,87,77,Low
4,0,8.9,94,53,Low
20,0,5.3,73,78,Moderate
13,8,5.4,55,39,Moderate
1,12,6.4,59,69,Low
10,0,8.9,81,57,Low
18,12,5.3,70,43,Moderate
6,19,6.0,60,29,Moderate
5,21,8.5,94,51,Moderate
27,6,4.0,67,71,High
1,1,4.2,89,34,Low
5,5,7.0,73,56,Low
17,6,8.5,66,39,Low
1,13,5.2,70,22,Moderate
17,17,6.3,97,56,High
14,14,6.3,64,76,Moderate
26,1,6.4,79,59,Moderate
18,9,7.1,74,27,Moderate
1,11,6.3,85,59,Low
19,16,6.2,58,63,Moderate
24,7,6.4,98,75,Moderate
5,10,7.0,77,42,Low
0,2,6.7,56,59,Low
23,5,8.3,76,30,Moderate
14,8,4.2,91,65,Moderate
27,5,8.2,62,27,Moderate
22,8,8.2,61,48,Moderate
9,6,5.4,68,49,Low
18,8,6.3,57,75,Moderate
16,17,6.2,70,79,Moderate
4,11,5.1,73,29,Moderate
3,7,6.0,72,58,Low
9,7,4.2,70,47,Moderate
23,17,5.4,62,68,High
16,19,8.1,87,55,Moderate
9,14,5.4,66,80,Moderate
16,6,8.1,65,32,Low
27,10,6.7,59,51,High
19,19,8.4,81,55,Moderate
23,15,6.9,66,56,High
4,3,4.1,71,45,Low
